word,freq
room,554
stay,297
time,165
famili,94
servic,91
clean,85
arriv,82
properti,76
year,74
experi,71
bed,71
disappoint,70
never,68
book,68
staff,64
expect,63
front,59
pool,58
food,56
check,56
magic,55
night,55
review,55
mani,54
week,54
desk,53
realli,52
great,52
last,51
resort,51
say,50
call,49
need,49
small,48
nice,48
visit,48
club,48
floor,46
even,46
park,46
old,46
place,46
start,45
bathroom,45
dirti,44
vacat,44
want,44
come,43
went,43
valu,43
back,43
use,42
much,42
will,42
pop,41
star,40
kid,40
smell,40
walk,40
didnt,39
thing,38
anim,38
tri,38
housekeep,37
well,37
bus,37
price,37
ask,36
littl,36
dont,36
day,36
hotel,35
look,35
level,35
know,35
husband,34
can,34
kingdom,34
work,34
long,34
request,34
motel,33
decid,33
centuri,33
told,32
everi,32
thought,32
world,31
bad,31
build,31
close,30
better,30
door,30
alway,30
view,30
hour,29
wait,29
plan,29
far,29
howev,28
past,28
member,28
took,27
recent,27
disney,27
travel,27
readi,26
luggag,26
sinc,26
theme,26
noth,26
beach,26
shower,25
worst,25
movi,25
daughter,25
peopl,25
made,25
upon,25
ever,25
reserv,25
let,25
pay,25
make,25
locat,24
carpet,24
huge,24
delux,24
came,24
money,24
lot,24
ground,24
least,24
dvc,24
guest,23
ago,23
almost,23
three,23
minut,23
paid,23
said,23
sever,23
area,23
next,22
find,22
return,22
issu,22
left,22
water,21
port,21
custom,21
terribl,21
near,21
think,21
high,21
give,21
still,21
horribl,21
main,21
beauti,21
second,20
help,20
spring,20
ive,20
found,20
outsid,20
extra,20
take,20
size,20
rude,20
open,19
anoth,19
everyth,19
also,19
lobbi,19
feel,19
bag,19
moder,19
orlean,19
around,19
wall,18
prefer,18
fan,18
month,18
rate,18
son,18
chang,18
caribbean,18
transport,18
now,18
larg,18
restaur,18
court,17
way,17
hair,17
date,17
that,17
big,17
less,17
friend,17
hard,17
impress,17
sleep,17
stop,17
group,17
villa,17
put,17
grand,17
basic,16
differ,16
worth,16
reason,16
coffe,16
onlin,16
lake,16
see,16
problem,16
avail,16
weve,16
love,16
saratoga,16
spent,16
dine,16
manag,16
actual,15
lodg,15
move,15
new,15
line,15
conveni,15
leav,15
towel,15
key,15
complain,15
decor,15
right,15
tell,15
wife,15
lack,15
construct,15
bug,14
free,14
enjoy,14
side,14
recommend,14
checkin,14
fix,14
extrem,14
full,14
wrong,14
understand,14
sport,14
end,14
sure,14
seem,14
expens,14
riversid,14
poor,14
children,14
floridian,14
morn,13
except,13
car,13
point,13
show,13
posit,13
florida,13
read,13
wasnt,13
given,13
wouldnt,13
budget,13
notic,13
though,13
although,13
polynesian,13
breakfast,13
due,13
2016,13
late,13
suit,13
art,13
standard,13
usual,12
spend,12
excit,12
get,12
qualiti,12
short,12
twice,12
earli,12
offer,12
fine,12
king,12
toilet,12
accommod,12
wdw,12
buse,12
receiv,12
definit,12
home,12
away,12
boardwalk,12
total,12
pros,12
child,12
decent,12
contemporari,12
run,11
updat,11
mold,11
prior,11
charg,11
sheet,11
overal,11
someth,11
enough,11
half,11
provid,11
anyth,11
cast,11
pillow,11
hot,11
forward,11
access,11
part,11
plus,11
amaz,11
person,11
concierg,11
per,11
typic,11
cant,11
outdat,10
previous,10
music,10
allstar,10
option,10
band,10
orlando,10
choos,10
multipl,10
miss,10
stain,10
fun,10
cover,10
couldnt,10
fridg,10
mainten,10
dinner,10
may,10
throughout,10
inform,10
quit,10
super,10
suppos,10
bay,10
west,10
monorail,10
yet,10
express,9
complet,9
eat,9
tub,9
keep,9
hope,9
cruis,9
2015,9
amen,9
abl,9
ill,9
okay,9
birthday,9
beyond,9
bedroom,9
name,9
age,9
pick,9
wont,9
air,9
guess,9
consid,9
cafeteria,9
weekend,9
adult,9
thin,9
loud,9
instead,9
yes,9
happen,9
sound,9
section,9
sad,9
special,9
mermaid,9
five,9
cleanli,9
studio,9
tabl,8
everyon,8
disgust,8
bit,8
unless,8
worn,8
octob,8
save,8
pretti,8
unfortun,8
walt,8
number,8
negat,8
curtain,8
elev,8
uncomfort,8
cheap,8
felt,8
brought,8
knew,8
care,8
separ,8
particular,8
live,8
girl,8
kept,8
bell,8
compar,8
unit,8
young,8
your,8
cost,8
fair,8
balconi,8
coupl,8
anyon,8
behind,8
four,8
advanc,8
wonder,8
top,8
sign,8
confer,8
pleas,8
royal,8
paint,7
realiz,7
must,7
assign,7
absolut,7
pass,7
maker,7
microwav,7
text,7
someon,7
everywher,7
six,7
chose,7
ceil,7
soon,7
favorit,7
low,7
known,7
wifi,7
today,7
fact,7
comfort,7
epcot,7
rest,7
treat,7
dark,7
choic,7
disneyworld,7
nois,7
slow,7
greet,7
quick,7
tower,7
event,7
filthi,7
mistak,7
saw,7
heard,7
wake,7
especi,7
busi,7
real,7
handicap,7
base,7
order,7
higher,7
pirat,7
phone,7
sit,7
pull,7
mean,7
boat,7
type,6
obvious,6
economi,6
outlet,6
origin,6
adjoin,6
stori,6
annual,6
light,6
singl,6
term,6
1st,6
etc,6
gift,6
wilder,6
doesnt,6
furnitur,6
proper,6
sink,6
serious,6
credit,6
simpl,6
begin,6
contact,6
life,6
bar,6
set,6
attend,6
wish,6
broken,6
parti,6
turn,6
happi,6
arent,6
hurrican,6
forev,6
probabl,6
list,6
without,6
fast,6
airport,6
con,6
post,6
bare,6
stand,6
space,6
improv,6
anywher,6
specif,6
shuttl,6
easi,6
believ,6
wed,6
done,6
mother,6
upgrad,6
write,6
middl,6
entir,6
one,6
gave,6
along,6
general,6
welcom,6
garbag,6
holiday,6
cold,6
dirt,6
smoke,6
march,6
recept,6
‚Äôs,6
board,6
gnat,6
across,5
shut,5
corner,5
plain,5
tire,5
whole,5
rather,5
fill,5
vacuum,5
most,5
lower,5
eye,5
cramp,5
spot,5
averag,5
lost,5
replac,5
430,5
afford,5
secur,5
figur,5
honeymoon,5
rememb,5
onsit,5
august,5
drive,5
kind,5
packag,5
built,5
safe,5
matthew,5
despit,5
queen,5
somewher,5
french,5
quarter,5
longer,5
glad,5
ruin,5
school,5
noisi,5
els,5
musti,5
idea,5
moment,5
bath,5
stuff,5
drink,5
major,5
hear,5
meal,5
amount,5
might,5
site,5
wet,5
queue,5
pictur,5
regular,5
various,5
ahead,5
select,5
crowd,5
pack,5
normal,5
hall,5
current,5
speak,5
deliv,5
other,5
appear,5
werent,5
south,5
final,5
garden,5
renov,5
opinion,5
liter,5
honest,5
christma,5
yacht,5
seat,5
fail,5
70s,5
style,5
email,5
incred,5
midnight,4
black,4
surpris,4
refriger,4
sorri,4
paper,4
spread,4
becam,4
rent,4
touch,4
maid,4
rang,4
bottom,4
roach,4
marathon,4
princess,4
caus,4
human,4
bang,4
cute,4
mayb,4
possibl,4
tini,4
wow,4
ton,4
hadnt,4
featur,4
awar,4
buss,4
step,4
nicer,4
drop,4
truth,4
design,4
univers,4
like,4
brand,4
togeth,4
perfect,4
agent,4
resid,4
alot,4
dollar,4
detail,4
cheer,4
assist,4
taken,4
enter,4
situat,4
connect,4
experienc,4
serv,4
listen,4
count,4
direct,4
guarante,4
ball,4
decemb,4
seen,4
soap,4
facil,4
savannah,4
advertis,4
hous,4
first,4
tag,4
500,4
over,4
none,4
complaint,4
hundr,4
shop,4
holder,4
limit,4
difficult,4
2014,4
june,4
besid,4
hand,4
par,4
extend,4
alreadi,4
empti,4
slide,4
adequ,4
600,4
websit,4
twenti,4
inconveni,4
trinidad,4
martiniqu,4
biggest,4
quiet,4
central,4
hang,4
condition,4
smaller,4
flight,4
gate,4
hospit,4
appar,4
bungalow,4
bora,4
maintain,4
4th,4
machin,4
mom,4
ride,3
hold,3
plug,3
ladi,3
often,3
flew,3
rundown,3
competit,3
brown,3
piec,3
similar,3
proxim,3
remot,3
skip,3
toy,3
cheerlead,3
crazi,3
repeat,3
zero,3
handl,3
frame,3
refurbish,3
repair,3
meet,3
nasti,3
hate,3
flush,3
stolen,3
sister,3
fanci,3
luxuri,3
larger,3
job,3
heat,3
man,3
2nd,3
juli,3
straight,3
seven,3
theyr,3
head,3
nightmar,3
favor,3
claim,3
memori,3
equal,3
dire,3
mattress,3
alon,3
dingi,3
rug,3
evacu,3
massiv,3
certain,3
promis,3
chair,3
anymor,3
coffeepot,3
assur,3
transfer,3
horrend,3
nearbi,3
explain,3
100,3
3am,3
poop,3
attent,3
continu,3
ignor,3
belong,3
fixtur,3
prepar,3
state,3
rock,3
woke,3
activ,3
tournament,3
isnt,3
ridicul,3
bite,3
employe,3
ship,3
burn,3
shampoo,3
visibl,3
deal,3
cloth,3
iron,3
compani,3
april,3
dust,3
imposs,3
numer,3
celebr,3
kidani,3
mention,3
wheelchair,3
pleasant,3
partial,3
remain,3
talk,3
humid,3
smelli,3
either,3
awesom,3
understaf,3
ran,3
lunch,3
pad,3
furthest,3
occur,3
polit,3
200,3
boy,3
landscap,3
suck,3
3pm,3
firework,3
photo,3
charact,3
odd,3
unlucki,3
lock,3
addit,3
2013,3
aoa,3
mobil,3
play,3
visitor,3
condit,3
dream,3
TRUE,3
simpli,3
neither,3
bother,3
encount,3
owner,3
cook,3
learn,3
power,3
pain,3
process,3
heart,3
what,3
break,3
kitchen,3
mix,3
north,3
architectur,3
charm,3
complex,3
clerk,3
dead,3
annoy,3
chain,3
cobweb,3
300,3
imagin,3
fruit,3
trash,3
walkway,3
follow,3
wors,3
moldi,3
older,3
relax,3
forget,3
consist,3
item,3
occas,3
septemb,3
earlier,3
equip,3
note,3
mile,3
disast,3
screen,3
teen,3
doubl,3
load,3
wipe,3
river,3
face,3
case,3
sugar,3
mark,3
titl,3
1000,3
spectacular,3
havent,3
sent,3
bore,3
swept,3
dryer,3
blow,3
wast,3
captain,3
factor,3
frequent,3
effort,3
blanket,3
warn,3
mislead,3
inn,3
excus,3
gone,3
novemb,3
knock,3
hop,3
drawer,3
awhil,2
worker,2
crud,2
grout,2
niec,2
team,2
orleansriversid,2
teenag,2
desper,2
faucet,2
leak,2
wear,2
immedi,2
approxim,2
desir,2
mid,2
send,2
roll,2
lip,2
health,2
roommat,2
drain,2
mildew,2
broke,2
debri,2
decis,2
present,2
exterior,2
shape,2
internet,2
sewag,2
ticket,2
ipad,2
report,2
cat,2
urin,2
accus,2
colleg,2
meant,2
4night,2
getaway,2
surround,2
own,2
product,2
resolv,2
plastic,2
sand,2
commut,2
minim,2
nap,2
cigarett,2
answer,2
noon,2
stuck,2
nine,2
invest,2
loos,2
rusti,2
arm,2
clog,2
twin,2
101,2
newer,2
villag,2
shock,2
bottl,2
anniversari,2
reminisc,2
personnel,2
countless,2
question,2
drip,2
footbal,2
130,2
150,2
crash,2
drape,2
cell,2
nation,2
til,2
unclean,2
function,2
1am,2
act,2
overnight,2
prison,2
glorifi,2
refer,2
everyday,2
sore,2
shame,2
intermedi,2
lifeguard,2
mass,2
wrist,2
brother,2
law,2
smear,2
hype,2
drove,2
pizza,2
wide,2
15th,2
remodel,2
concret,2
daili,2
lawn,2
moth,2
140,2
fianc,2
athlet,2
discuss,2
avoid,2
145,2
requir,2
eventu,2
obsess,2
zebra,2
foot,2
draw,2
11am,2
demand,2
spotti,2
hasnt,2
akl,2
match,2
‚Äôm,2
160,2
correct,2
spoke,2
settl,2
await,2
170,2
plenti,2
candi,2
tissu,2
store,2
summer,2
yesterday,2
there,2
yard,2
contempl,2
convers,2
prompt,2
repres,2
assum,2
finish,2
enorm,2
instanc,2
misl,2
passhold,2
bought,2
luck,2
lion,2
199,2
join,2
catch,2
flavor,2
remark,2
watch,2
rain,2
glass,2
1pm,2
checkout,2
leaki,2
roomi,2
alittl,2
soso,2
cool,2
inclus,2
intern,2
slip,2
wrote,2
220,2
bigger,2
client,2
faith,2
altern,2
written,2
memor,2
smile,2
cooki,2
crumb,2
230,2
dozen,2
held,2
allergi,2
skin,2
wing,2
3rd,2
depart,2
350,2
overpr,2
remov,2
tripadvisor,2
snack,2
clear,2
result,2
substanc,2
drill,2
clueless,2
engin,2
mine,2
supervisor,2
attitud,2
wise,2
comment,2
system,2
hit,2
eve,2
rank,2
gripe,2
bucket,2
includ,2
polic,2
print,2
stair,2
via,2
januari,2
apologis,2
switch,2
1030,2
substandard,2
goe,2
advic,2
throw,2
don‚Äôt,2
‚Äôve,2
waterview,2
whilst,2
linen,2
jamaica,2
redon,2
argu,2
monday,2
allow,2
relat,2
damag,2
dusti,2
add,2
damp,2
swim,2
batteri,2
link,2
min,2
appeal,2
road,2
yrs,2
opposit,2
complimentari,2
deliveri,2
explan,2
400,2
700am,2
somewhat,2
playground,2
364,2
espn,2
mickey,2
discount,2
toddler,2
surfac,2
incorrect,2
decad,2
515,2
organ,2
rip,2
schedul,2
harder,2
10th,2
carri,2
suitcas,2
counter,2
tast,2
uninterest,2
bldg,2
loaf,2
describ,2
entertain,2
escort,2
declin,2
justifi,2
frustrat,2
fabul,2
unaccept,2
easili,2
sum,2
insist,2
purchas,2
truli,2
captur,2
unabl,2
cleaner,2
inch,2
split,2
pubic,2
blower,2
crew,2
spray,2
truck,2
easier,2
aulani,2
vacanc,2
label,2
privaci,2
cotton,2
bracelet,2
america,2
ugli,2
equival,2
beat,2
isol,2
third,2
sort,2
dresser,2
constant,2
youll,2
mug,2
deep,2
partner,2
minimum,2
administr,2
dump,2
soak,2
multi,2
laundri,2
winter,2
impecc,2
fresh,2
earth,2
downgrad,2
perhap,2
bring,2
mediocr,2
advis,2
jersey,2
baseboard,2
chew,2
20night,2
signific,2
southern,2
entranc,2
630,2
miser,2
confirm,2
prefac,2
deterior,2
distanc,2
blood,2
vip,2
bike,2
grandstand,2
rare,2
treehous,2
share,2
opportun,2
appal,2
rental,2
beep,2
730,2
zone,2
festiv,2
spill,1
busiest,1
hungri,1
rode,1
cheapest,1
upscal,1
hubbi,1
cri,1
disgruntl,1
impati,1
regist,1
smirk,1
resembl,1
win,1
coach,1
danc,1
dog,1
squish,1
330am,1
33xx,1
5yo,1
eateri,1
receipt,1
vomit,1
cheaper,1
dolphin,1
seri,1
substanti,1
chocol,1
fuzz,1
moon,1
accustom,1
tough,1
tear,1
98a,1
topnotch,1
pinch,1
headach,1
retreat,1
terror,1
within,1
12th,1
insert,1
babi,1
bust,1
fell,1
sidewalk,1
uneven,1
calypso,1
chanc,1
bacteri,1
excrement,1
fece,1
risk,1
unknow,1
rust,1
sprinkler,1
imbal,1
carpent,1
clutter,1
grandkid,1
reunion,1
2004,1
bleach,1
smelt,1
attach,1
fight,1
buget,1
tight,1
western,1
5star,1
interst,1
theam,1
recomend,1
refus,1
sporad,1
unsur,1
cloudi,1
upstair,1
local,1
wallet,1
departur,1
discov,1
distinct,1
acknowledg,1
angri,1
cock,1
expos,1
graduat,1
nearest,1
‚Äú‚Äù,1
statu,1
suffici,1
miserycal,1
moistur,1
saturday,1
showcomplain,1
up2,1
disguis,1
sardin,1
accident,1
answeredth,1
lagoon,1
typhoon,1
underwhelm,1
22nd,1
socket,1
graffiti,1
stink,1
through,1
ramon,1
600night,1
premium,1
wanna,1
buena,1
vista,1
wyndham,1
1970,1
helpfuland,1
vintag,1
theyv,1
birth,1
defect,1
whether,1
spout,1
restroombathroom,1
leg,1
disneyown,1
duck,1
mighti,1
1970s,1
dalmatian,1
parent,1
1211121316,1
comtemporari,1
condo,1
perk,1
fee,1
2003,1
25th,1
entiti,1
panach,1
signatur,1
tennesse,1
2008,1
saggi,1
squeaki,1
australia,1
1night,1
9pm,1
belief,1
cater,1
rci,1
boyfriend,1
renown,1
102,1
creepi,1
weather,1
103,1
104,1
capac,1
championship,1
drunk,1
nada,1
satur,1
scream,1
speaker,1
varsiti,1
105,1
106,1
scrap,1
107,1
108,1
whoohoo,1
109,1
driver,1
interrupt,1
limo,1
social,1
110,1
wws,1
111,1
minor,1
motellik,1
niggl,1
112,1
113,1
chaotic,1
imo,1
114,1
worri,1
115,1
chip,1
116,1
117,1
118,1
119,1
120,1
drown,1
emt,1
reviv,1
wit,1
121,1
122,1
1hr,1
brazil,1
spain,1
123,1
brilliant,1
volleybal,1
124,1
125,1
footer,1
126,1
furnish,1
127,1
128,1
alarm,1
129,1
oil,1
pint,1
930,1
131,1
reccomend,1
11th,1
132,1
133,1
sundri,1
134,1
135,1
charger,1
hose,1
lean,1
toward,1
unplug,1
youth,1
136,1
sheer,1
137,1
hrs,1
mow,1
patron,1
sullen,1
unenthusiast,1
138,1
movement,1
neighbor,1
139,1
factori,1
later,1
141,1
behavior,1
disgrac,1
domin,1
thoughtless,1
vulgar,1
warner,1
youngster,1
guard,1
iif,1
illprepar,1
142,1
143,1
144,1
teacoffe,1
speedi,1
146,1
defiant,1
premier,1
147,1
african,1
giraff,1
room‚Äô,1
wildlif,1
148,1
hill,1
149,1
151,1
closetdress,1
couch,1
cushion,1
fold,1
pole,1
rope,1
separatingrefriger,1
workingno,1
152,1
6pm,1
153,1
bunk,1
154,1
freeli,1
155,1
asthma,1
caulk,1
grow,1
156,1
prospect,1
157,1
imform,1
158,1
159,1
luckili,1
havei,1
161,1
162,1
elsewher,1
form,1
reciev,1
163,1
164,1
gotta,1
jambo,1
medic,1
165,1
illus,1
savanna,1
166,1
167,1
bound,1
ensur,1
telephon,1
168,1
cockroach,1
jump,1
169,1
spici,1
savanah,1
171,1
172,1
subpar,1
173,1
trailit,1
174,1
175,1
176,1
177,1
178,1
179,1
230am,1
chaini,1
enemi,1
whereabout,1
180,1
8762,1
fit,1
host,1
181,1
nicest,1
prioriti,1
182,1
600am,1
183,1
regard,1
184,1
feet,1
185,1
musicmovi,1
186,1
feb,1
jam,1
187,1
ariel,1
188,1
189,1
gym,1
sens,1
spa,1
190,1
lengthi,1
perpetu,1
191,1
chosen,1
heavili,1
192,1
193,1
194,1
disclos,1
scene,1
195,1
196,1
walmart,1
197,1
riser,1
unawar,1
198,1
eight,1
airt,1
kitchenett,1
practic,1
bandaid,1
center,1
201,1
202,1
immacul,1
203,1
here,1
longest,1
204,1
littjl,1
outsidesup,1
sheap,1
205,1
206,1
econom,1
halt,1
screech,1
207,1
7pm,1
208,1
butter,1
209,1
diaper,1
unus,1
210,1
council,1
tacki,1
thousand,1
travelodg,1
211,1
212,1
213,1
214,1
215,1
216,1
mexico,1
perspect,1
10k,1
217,1
commensur,1
wdws,1
weeklong,1
218,1
nemo,1
patch,1
219,1
221,1
222,1
evalu,1
223,1
224,1
sensic,1
newest,1
225,1
nov,1
30-Oct,1
226,1
nope,1
945am,1
227,1
thread,1
228,1
din,1
joke,1
train,1
worthwhil,1
taco,1
pair,1
229,1
anterior,1
claustrophob,1
window,1
231,1
theyd,1
232,1
pollendust,1
233,1
campaign,1
fairi,1
legendari,1
polish,1
234,1
235,1
fault,1
sick,1
236,1
237,1
mirror,1
vaniti,1
238,1
worldclass,1
239,1
frank,1
240,1
241,1
racer,1
242,1
seek,1
11000,1
243,1
aspect,1
244,1
245,1
246,1
247,1
5285,1
248,1
unbeliev,1
worldwid,1
249,1
imag,1
250,1
therefor,1
251,1
unidentifi,1
white,1
252,1
countri,1
253,1
530pm,1
830,1
254,1
40000,1
255,1
bewar,1
buyer,1
256,1
luster,1
malfunct,1
nightimagin,1
257,1
258,1
atroci,1
latest,1
overdu,1
generous,1
259,1
houseman,1
jerk,1
respect,1
waist,1
260,1
261,1
againstonc,1
began,1
262,1
infect,1
noravirus,1
263,1
woman,1
2106,1
264,1
265,1
266,1
electrician,1
gfci,1
lamp,1
microwavealso,1
resetturn,1
267,1
tossup,1
268,1
269,1
anticip,1
chillyand,1
deepli,1
disappointedth,1
270,1
instant,1
mixtur,1
271,1
272,1
273,1
fall,1
274,1
cam,1
file,1
kindl,1
possess,1
275,1
8pm,1
276,1
wink,1
277,1
278,1
279,1
peac,1
280,1
apart,1
block,1
jacuzzi,1
manicur,1
picturesqu,1
superb,1
281,1
282,1
atand,1
slowest,1
283,1
helicopt,1
hunt,1
swarm,1
284,1
foreign,1
gross,1
sneaker,1
285,1
climb,1
gray,1
286,1
proceed,1
287,1
comp,1
gymnast,1
288,1
compens,1
289,1
290,1
291,1
ate,1
smiley,1
292,1
293,1
courtyard,1
294,1
295,1
highw,1
296,1
friendli,1
297,1
control,1
298,1
awak,1
cyclic,1
disturbedit,1
vibrat,1
25-Mar,1
299,1
pathway,1
shot,1
301,1
starter,1
302,1
newli,1
sight,1
2012,1
303,1
304,1
305,1
antibiot,1
rash,1
306,1
307,1
308,1
vist,1
309,1
object,1
310,1
311,1
312,1
313,1
yoghurt,1
314,1
indic,1
315,1
316,1
hike,1
offic,1
317,1
318,1
fire,1
319,1
1971,1
19th,1
320,1
321,1
overcrowd,1
322,1
clump,1
howard,1
johnson,1
323,1
324,1
involv,1
socal,1
325,1
maneuv,1
326,1
327,1
peel,1
unhappi,1
328,1
oop,1
329,1
71816,1
330,1
331,1
332,1
333,1
rush,1
334,1
expressonlin,1
madhous,1
seatit,1
335,1
layout,1
prove,1
336,1
random,1
337,1
frill,1
338,1
cupsglass,1
grandson,1
unwash,1
339,1
nick,1
300000,1
340,1
341,1
20min,1
tracker,1
342,1
343,1
emit,1
344,1
agre,1
pontin,1
345,1
thirti,1
dissatisfi,1
346,1
folk,1
347,1
precheck,1
348,1
baggag,1
laterno,1
luggagecri,1
sogo,1
349,1
die,1
lighten,1
storm,1
351,1
rep,1
understat,1
virgin,1
30s,1
352,1
hotelresort,1
353,1
ect,1
evid,1
sculptur,1
354,1
barbado,1
355,1
356,1
keptno,1
motherdaught,1
357,1
fool,1
358,1
apolog,1
coffeemak,1
359,1
fab,1
initi,1
360,1
361,1
clock,1
362,1
6th,1
oldgrossand,1
363,1
bathtub,1
hammock,1
muggi,1
oder,1
outdoor,1
fortun,1
365,1
commissari,1
scale,1
366,1
lacross,1
367,1
bedsno,1
368,1
chairsno,1
elevatorslimit,1
ugh,1
369,1
crappi,1
landscapingbut,1
370,1
comput,1
flock,1
replenish,1
371,1
23h,1
372,1
exhaust,1
faster,1
373,1
sprawl,1
374,1
staf,1
dishonest,1
misdirect,1
375,1
fond,1
376,1
jan,1
orbitz,1
377,1
cindi,1
makebreak,1
whomev,1
378,1
379,1
grew,1
380,1
suffic,1
381,1
kicker,1
theft,1
valet,1
382,1
conteporari,1
383,1
3pmwe,1
otherw,1
384,1
jwmarriott,1
mad,1
men,1
realiti,1
385,1
700night,1
386,1
387,1
import,1
unsaf,1
388,1
ammen,1
commiser,1
profit,1
389,1
390,1
mariam,1
undo,1
unforgett,1
1900,1
391,1
fare,1
readili,1
392,1
period,1
sandblast,1
393,1
394,1
395,1
396,1
397,1
398,1
shouldn‚Äôt,1
399,1
hes,1
combin,1
fountain,1
sulphur,1
401,1
albert,1
buffet,1
402,1
403,1
spirit,1
404,1
admit,1
annex,1
405,1
misinform,1
shirt,1
unimpress,1
uninform,1
406,1
canadian,1
407,1
convinc,1
shouldnt,1
wen,1
408,1
nondisney,1
trip,1
time‚Ä,1
409,1
appet,1
smallish,1
410,1
cutback,1
implement,1
loung,1
411,1
epitom,1
rpc,1
sugarloaf,1
412,1
degre,1
egregi,1
413,1
lit,1
opt,1
referr,1
414,1
415,1
suggest,1
416,1
splash,1
417,1
chef,1
egg,1
matter,1
powder,1
418,1
allerg,1
scent,1
419,1
adjac,1
420,1
conch,1
primarili,1
421,1
422,1
disneyland,1
pari,1
season,1
423,1
424,1
error,1
425,1
occupi,1
426,1
pavilion,1
427,1
9000,1
afternoon,1
approx,1
hopper,1
wednesday,1
428,1
marri,1
429,1
hazard,1
431,1
900,1
eaten,1
leftov,1
432,1
kill,1
433,1
thorough,1
434,1
disrepair,1
435,1
muski,1
436,1
lousi,1
437,1
horrifi,1
plumb,1
refund,1
438,1
439,1
disabl,1
disastr,1
excel,1
silver,1
440,1
bowli,1
master,1
scrubber,1
skid,1
441,1
442,1
booger,1
closet,1
dri,1
3day,1
443,1
bahamian,1
embark,1
444,1
445,1
beachi,1
oneroom,1
446,1
filth,1
447,1
concern,1
respons,1
unvaccum,1
448,1
449,1
450,1
hotelsresort,1
451,1
452,1
453,1
454,1
eas,1
sock,1
455,1
mop,1
upsideloc,1
yuk,1
456,1
outstand,1
rub,1
zip,1
457,1
judgement,1
458,1
auger,1
awaken,1
dawn,1
industri,1
mondayth,1
tuesdayleaf,1
wednesdayleaf,1
zamboni,1
430p,1
459,1
460,1
knee,1
surgeri,1
461,1
462,1
oahu,1
omg,1
463,1
464,1
465,1
466,1
grab,1
racket,1
tow,1
467,1
468,1
vehicl,1
469,1
circl,1
470,1
belowaverag,1
471,1
airplan,1
cafe,1
casual,1
kona,1
472,1
sunday,1
473,1
robe,1
slipper,1
qtip,1
patio,1
tip,1
1600,1
474,1
lockout,1
475,1
ferri,1
horn,1
476,1
entri,1
fatherinlaw,1
stage,1
salad,1
veget,1
477,1
478,1
advisor,1
africa,1
asia,1
europ,1
479,1
hardwood,1
480,1
20k,1
481,1
482,1
6am,1
73186,1
delay,1
483,1
484,1
foremost,1
485,1
486,1
coke,1
sprite,1
487,1
488,1
arrivalw,1
fax,1
489,1
street,1
490,1
christmea,1
491,1
unfavor,1
warrant,1
weekendweek,1
25000,1
492,1
5000,1
forc,1
highway,1
merit,1
met,1
493,1
reno,1
494,1
bargain,1
benefit,1
joint,1
spartan,1
495,1
496,1
bobbi,1
odor,1
pin,1
497,1
498,1
roomservic,1
gel,1
thunder,1
roller,1
echo,1
499,1
complaintsuntil,1
tripno,1
absenc,1
kidsteenag,1
501,1
livabl,1
necessari,1
502,1
merri,1
overcharg,1
503,1
chemic,1
waitress,1
504,1
pot,1
stanki,1
thinnest,1
505,1
inexperienc,1
retro,1
unqualifi,1
506,1
507,1
stock,1
15s,1
508,1
509,1
cabana,1
1439,1
510,1
categori,1
hole,1
outclass,1
511,1
swap,1
2005,1
512,1
513,1
bone,1
514,1
bedbug,1
buck,1
glorif,1
particip,1
516,1
arrang,1
copi,1
record,1
517,1
50sbuild,1
518,1
sunw,1
10use,1
6ish,1
ziplock,1
519,1
signag,1
195night,1
520,1
entireti,1
tax,1
521,1
stellar,1
whenev,1
522,1
david,1
incid,1
523,1
estim,1
glare,1
524,1
tier,1
525,1
526,1
behold,1
527,1
528,1
529,1
530,1
pride,1
protect,1
531,1
mosquito,1
532,1
frig,1
heather,1
red,1
533,1
favour,1
shortag,1
534,1
defens,1
extermin,1
harmless,1
toothbrush,1
535,1
burger,1
cuisin,1
ordinari,1
pathet,1
unfriend,1
536,1
address,1
537,1
swam,1
538,1
vocabulari,1
539,1
fli,1
540,1
somebodi,1
541,1
filter,1
insid,1
542,1
543,1
suspici,1
544,1
exercis,1
freedom,1
wellb,1
admir,1
corp,1
reput,1
545,1
546,1
picki,1
547,1
bright,1
cheeri,1
548,1
549,1
depress,1
fade,1
poster,1
550,1
pricey,1
551,1
552,1
553,1
glanc,1
infest,1
554,1
rat,1
yuck,1
555,1
disappointthi,1
lesson,1
pricesth,1
556,1
hampton,1
infinit,1
557,1
riddl,1
558,1
dressedup,1
559,1
ador,1
cube,1
giant,1
mrs,1
potato,1
rubik,1
wheel,1
560,1
561,1
562,1
banana,1
megabuck,1
omelett,1
premis,1
563,1
outrag,1
564,1
565,1
stiff,1
566,1
savingsgo,1
smoker,1
567,1
draperi,1
568,1
cart,1
569,1
card,1
570,1
reek,1
571,1
palmetto,1
sometim,1
572,1
approach,1
epic,1
nostalg,1
573,1
disneyso,1
nina,1
2am,1
574,1
american,1
student,1
575,1
576,1
577,1
578,1
830pm,1
popcorn,1
579,1
exploit,1
forefront,1
maroon,1
modest,1
580,1
research,1
snooti,1
581,1
jane,1
youd,1
582,1
anyway,1
hesit,1
583,1
loudannoy,1
supervis,1
584,1
5060,1
585,1
upset,1
586,1
587,1
happiest,1
task,1
588,1
asmovi,1
1030pm,1
589,1
590,1
591,1
springhil,1
suitesbut,1
592,1
venu,1
593,1
80s,1
8am,1
death,1
scare,1
594,1
595,1
tile,1
596,1
postcruis,1
597,1
sag,1
squeak,1
598,1
arealobbi,1
relic,1
shadowbox,1
timelin,1
‚Äò50s,1
‚Äò90s,1
599,1
octnov,1
self,1
centruy,1
orgin,1
land,1
5050,1
601,1
29-Dec,1
50s,1
602,1
jack,1
nit,1
603,1
vent,1
604,1
futur,1
605,1
606,1
ampl,1
downhil,1
entryway,1
instruct,1
misunderstood,1
607,1
gainesvill,1
impolit,1
teresa,1
608,1
lay,1
nutshel,1
609,1
610,1
611,1
612,1
613,1
unfriendni,1
pct,1
susann,1
614,1
lightbulb,1
615,1
aaa,1
inclin,1
616,1
game,1
617,1
snuff,1
618,1
cashier,1
endless,1
temporari,1
619,1
authent,1
closer,1
nola,1
splurg,1
620,1
rattl,1
sleepstay,1
springi,1
621,1
622,1
mous,1
623,1
10pm,1
624,1
resortsboardwalk,1
625,1
flora,1
lush,1
plantat,1
scari,1
swamp,1
wind,1
626,1
bend,1
magnolia,1
mansion,1
quieter,1
627,1
violent,1
628,1
happier,1
lodgerestaurauntsbut,1
looong,1
629,1
cabinet,1
nowher,1
downer,1
emul,1
gorgeous,1
631,1
island,1
letter,1
olman,1
632,1
633,1
whoosh,1
tap,1
footstep,1
palat,1
634,1
635,1
inexplic,1
636,1
637,1
touristi,1
638,1
639,1
thingi,1
640,1
grade,1
grandchildren,1
roomeven,1
641,1
disclaim,1
jade,1
milk,1
relentless,1
canteen,1
orang,1
642,1
cut,1
tremend,1
643,1
fridgejust,1
temp,1
31116,1
644,1
deposit,1
guestroom,1
645,1
overbook,1
seamless,1
646,1
pump,1
647,1
648,1
649,1
obnoxi,1
650,1
daughter‚Äô,1
deck,1
fifth,1
651,1
excruci,1
toiletri,1
652,1
steadi,1
unexpect,1
653,1
spin,1
654,1
aback,1
forb,1
strike,1
655,1
omelet,1
station,1
656,1
657,1
flat,1
lumpi,1
materi,1
658,1
fals,1
upcom,1
659,1
curb,1
unload,1
660,1
thier,1
661,1
flaw,1
662,1
663,1
664,1
suppli,1
version,1
665,1
allig,1
bayou,1
float,1
needl,1
pine,1
666,1
667,1
accomod,1
enthusiasm,1
gotten,1
spite,1
1130,1
668,1
669,1
670,1
dorito,1
precious,1
671,1
maggot,1
starv,1
vend,1
672,1
por,1
673,1
674,1
cabin,1
fort,1
groceri,1
happili,1
kick,1
negoti,1
675,1
famous,1
676,1
677,1
678,1
630pm,1
679,1
aint,1
albeit,1
fish,1
680,1
woken,1
681,1
intermitt,1
682,1
683,1
684,1
1825,1
685,1
bldg18,1
686,1
helpful,1
hotelcheap,1
snobbi,1
687,1
688,1
689,1
cup,1
690,1
ion,1
691,1
closest,1
farther,1
692,1
693,1
694,1
incept,1
granddaught,1
695,1
696,1
697,1
congress,1
698,1
doctor,1
699,1
700,1
burden,1
701,1
assess,1
702,1
registr,1
703,1
affair,1
hardest,1
704,1
buy,1
sucker,1
timesharesanim,1
705,1
706,1
707,1
asham,1
708,1
709,1
ssr,1
710,1
711,1
okw,1
oldest,1
712,1
laptop,1
713,1
uniqu,1
714,1
715,1
vacation,1
veteran,1
craziest,1
jaw,1
town,1
716,1
coronado,1
717,1
718,1
719,1
overh,1
washer,1
720,1
bland,1
prune,1
stairwel,1
721,1
722,1
packet,1
silverwar,1
723,1
724,1
725,1
beautifi,1
726,1
zach,1
727,1
809,1
bummer,1
chop,1
gun,1
nail,1
strong,1
till,1
728,1
9amyeah,1
day5,1
729,1
seventh,1
9am,1
subject,1
731,1
cours,1
732,1
billow,1
733,1
unhelp,1
734,1
cor,1
exchang,1
feedback,1
routin,1
735,1
guy,1
itinerari,1
736,1
nut,1
1231151716,1
737,1
occup,1
738,1
4am,1
739,1
blowout,1
indent,1
laid,1
turnpik,1
740,1
coat,1
costum,1
degrad,1
dress,1
outfit,1
overs,1
skirt,1
sloppili,1
wore,1
741,1
742,1
autom,1
gather,1
roof,1
shatter,1
voic,1
743,1
crack,1
744,1
745,1
sun,1
746,1
747,1
allt,1
kostar,1
grumpi,1
conciderag,1
748,1
greeter,1
taxi,1
uber,1
749,1
hollywood,1
linger,1
750,1
flower,1
royalti,1
wine,1
751,1
forecourt,1
honour,1
752,1
environ,1
grimi,1
hallway,1
norm,1
trap,1
753,1
purpos,1
754,1
urg,1
755,1
walkabl,1
756,1
757,1
758,1
abut,1
loveseat,1
sofa,1
759,1
appreci,1
guid,1
housekeepingrecept,1
nether,1
servis,1
tour,1
760,1
761,1
